Enabled,ISBN,Label,Price,URL
y,9781119460985,"Point-of-Care Ultrasound Techniques for the Small Animal Practitioner, 2nd Edition â Edited by Gregory R. Lisciandro â Hardcover (ISBN: 9781119460985)",89.99,https://www.booksgoat.com/index.php?route=product/product&path=315&product_id=428203
y,9781591266549,"PPI Fundamentals of Surveying Practice Exam, 5th Edition â Comprehensive Practice Exam for the NCEES FS Surveying Exam (ISBN 9781591266549) - Paperback",59.99,https://www.booksgoat.com/index.php?route=product/product&path=315&product_id=409180
y,9780521809269,"The Art of Electronics, 3rd edition by Paul Horowitz and Winfield Hill (ISBN 9780521809269) - Hardcover",76.99,https://www.booksgoat.com/index.php?route=product/product&product_id=409253
y,9781579478889,"Guides to the Evaluation of Permanent Impairment, 6th Edition (ISBN 9781579478889) - Paperback",89.99,https://www.booksgoat.com/index.php?route=product/product&product_id=427027
y,9781305100558,"Milady Standard Barbering, 6th edition by Milady",79.99,https://www.booksgoat.com/index.php?route=product/product&product_id=438034&search=9781305100558
y,9798350705218,Sterile Processing Technical Manual (CRCST 9th edition) by Healthcare Sterlite Processing Association,59.99,https://www.booksgoat.com/index.php?route=product/product&product_id=438033&search=9798350705218
y,9781948558396,"NASCLA Contractors Guide to Business, Law, and Project Management: Basic, 14th edition 2024",49.99,https://www.booksgoat.com/index.php?route=product/product&product_id=438036&search=9781948558396
y,9781544398396,"Qualitative Inquiry and Research Design: Choosing Among Five Approaches, 5th edition by John W. Creswell, Cheryl N. Poth",49.99,https://www.booksgoat.com/index.php?route=product/product&product_id=438056&search=9781544398396
y,9780826943729,"Low Pressure Boilers, *US HARDCOVER* 5th Ed. by Frederick Steingress, Daryl Walker - {9780826943729} {0826943721}",59.99,https://www.booksgoat.com/index.php?route=product/product&product_id=408447&search=9780826943729
y,9781641950565,ACI CODE-318-19(22): Building Code Requirements for Structural Concrete and Commentary (Reapproved 2022) by American Concrete Institute,79.99,https://www.booksgoat.com/index.php?route=product/product&product_id=438078&search=9781641950565
y,9780702052163,The Foundations of Chinese Medicine *US HARDCOVER* 3rd Ed. by Giovanni Maciocia 25th Anniversary - {9780702052163} {0702052167},99.99,https://www.booksgoat.com/index.php?route=product/product&product_id=427505&search=9780702052163
y,9780357513699,"Medical Terminology for Health Professions, 9th Ed. *US SPIRALBOUND* by Ann Ehrlich, Carol Schroeder, Laura Ehrlich",67.99,https://www.booksgoat.com/index.php?route=product/product&product_id=437093&search=9780357513699
y,9780874203431,Real Estate Development - 5th Edition: Pri,49.99,https://www.booksgoat.com/index.php?route=product/product&product_id=426842&search=9780874203431
y,9781615373598,Dsm-5 -tr Handbook of Differential Diagnosis - 9781615373598,53.99,https://www.booksgoat.com/index.php?route=product/product&product_id=438024&search=9781615373598
y,9781932159189,Distressed Debt Analysis: Strategies for Speculative Investors by Stephen Moyer,49.99,https://www.booksgoat.com/index.php?route=product/product&product_id=437904&search=9781932159189
y,9781938558573,DC:0-5: Diagnostic Classification of Mental Health And Development Disorders Of Infancy and Early Childhood by Zero to Three,46.99,https://www.booksgoat.com/index.php?route=product/product&product_id=438053&search=9781938558573
y,9781560915263,Race Car Vehicle - 9781560915263,69.99,https://www.booksgoat.com/index.php?route=product/product&product_id=437524&search=9781560915263
y,9780470131480,Radiation Detection and Measurement *US HARDCOVER* 4th Ed. by Glenn F. Knoll - {9780470131480} {0470131489},69.99,https://www.booksgoat.com/index.php?route=product/product&product_id=419952&search=9780470131480
y,9781118291054,Handbook of Bird Biology *US HARDCOVER* 3rd Ed. (Cornell Lab of Ornithology) by John W. Fitzpatrick - {9781118291054} {1118291050},63.99,https://www.booksgoat.com/index.php?route=product/product&product_id=408316&search=9781118291054
y,9781285769417,Milady Standard Cosmetology *US HARDCOVER* 13th Edition - {9781285769417 } {1285769414},109.99,https://www.booksgoat.com/index.php?route=product/product&product_id=426572&search=9781285769417
y,9781138071711,"HVAC Water Chillers and Cooling Towers: Fundamentals, Application, and Operation, 2nd Edition by Herbert W. Stanford III (ISBN 9781138071711) - Paperback",59.99,https://www.booksgoat.com/index.php?route=product/product&product_id=409445
y,9781108494540,Design of CMOS Phase-Locked Loops: From Circuit Level to Architecture Level by Behzad Razavi (ISBN 9781108494540) - Hardcover,56.99,https://www.booksgoat.com/index.php?route=product/product&product_id=410317&search=design+of+cmos
y,9781684038879,Understanding and Applying Relational Frame Theory by Siri Ming (ISBN 9781684038879) - Paperback,46.99,https://www.booksgoat.com/index.php?route=product/product&product_id=422657
y,9781464134227,"Laboratory Techniques in Organic Chemistry, 4th Edition by Jerry R. Mohrig, David Alberg, Gretchen Hofmeister & Paul F. Schatz (ISBN 9781464134227) - Paperback",79.99,https://www.booksgoat.com/index.php?route=product/product&product_id=408837
y,9780470631553,Microwave Engineering 4th Edition by David Pozar (ISBN 9780470631553) - Hardcover,119.99,https://www.booksgoat.com/index.php?route=product/product&product_id=427781
y,9781429215084,"Vector Calculus, 6th Edition by Jerrold Marsden, Anthony Tromba (ISBN 9781429215084) - Hardcover",74.99,https://www.booksgoat.com/index.php?route=product/product&product_id=1036
y,9781624104909,"Aircraft Design: A Conceptual Approach, 6th Edition (AIAA Education Series) by Daniel P. Raymer (ISBN 9781624104909) - Hardcover",79.99,https://www.booksgoat.com/index.php?route=product/product&product_id=408636
y,9780323905497,"
Formulas and Calculations for Drilling, Production, and Workover, 5th Edition (ISBN 9780323905497) - Paperback",79.99,https://www.booksgoat.com/index.php?route=product/product&product_id=423386
y,9781884989117,Spacecraft Thermal Control Handbook â Edited by David G. Gilmore â Hardcover (ISBN: 9781884989117),53.99,https://www.booksgoat.com/index.php?route=product/product&product_id=409588
y,9781593703424,The Art of Reading Buildings by John Mittendorf (ISBN 9781593703424) - Hardcover,59.99,https://www.booksgoat.com/index.php?route=product/product&product_id=408407
y,9781492592006,"
Science and Practice of Strength Training, 3rd Edition by Vladimir M. Zatsiorsky & William J. Kraemer (ISBN 9781492592006) - Hardcover",49.99,https://www.booksgoat.com/index.php?route=product/product&product_id=428584&search=science+and+practice+of+strength
y,9781032450995,"Introduction to the Thermodynamics of Materials, 7th Edition by David R. Gaskell (ISBN 9781032450995) - Hardcover",53.99,https://www.booksgoat.com/index.php?route=product/product&product_id=437856
y,9781517912482,Interpreting the MMPI-3 textbook by Martin Sellbom and Yossef Ben-Porath (ISBN: 9781517912482) - Hardcover,53.99,https://www.booksgoat.com/index.php?route=product/product&product_id=438101
y,9781609839574,"
2021 International Residential Code (IRC) by International Code Council (ICC) ISBN: 9781609839574 â Paperback",79.99,https://www.booksgoat.com/index.php?route=product/product&product_id=408433
y,9781609837372,2018 International Residential Code for One- and Two-Family Dwellings by International Code Council (ICC) ISBN: 9781609837372 â Paperback,79.99,https://www.booksgoat.com/index.php?route=product/product&product_id=408748